turn_on_light,turn on the lights
set_alarm,set your alarm
turn_on_light,turn on the lights
set_alarm,set your alarm
turn_on_light,turn on the lights
set_alarm,set your alarm
turn_on_light,turn on the lights
set_alarm,set your alarm
turn_on_light,turn on the lights
set_alarm,set your alarm
turn_on_light,turn on the lights
set_alarm,set your alarm
turn_on_light,turn on the lights
set_alarm,set your alarm
turn_on_light,turn on the lights
set_alarm,set your alarm
turn_on_light,turn on the lights
set_alarm,set your alarm
turn_on_light,turn on the lights
set_alarm,set your alarm
turn_on_light,turn on the lights
set_alarm,set your alarm
turn_on_light,turn on the lights
set_alarm,set your alarm
turn_on_light,turn on the lights
set_alarm,set your alarm
turn_on_light,turn on the lights
set_alarm,set your alarm
turn_on_light,turn on the lights
set_alarm,set your alarm
turn_on_light,turn on the lights
set_alarm,set your alarm
turn_on_light,turn on the lights
set_alarm,set your alarm
turn_on_light,turn on the lights
set_alarm,set your alarm
turn_on_light,turn on the lights
set_alarm,set your alarm
turn_on_light,turn on the lights
set_alarm,set your alarm
turn_on_light,turn on the lights
set_alarm,set your alarm
turn_on_light,turn on the lights
set_alarm,set your alarm
turn_on_light,turn on the lights
set_alarm,set your alarm
turn_on_light,turn on the lights
set_alarm,set your alarm
turn_on_light,turn on the lights
set_alarm,set your alarm
turn_on_light,turn on the lights
set_alarm,set your alarm
turn_on_light,turn on the lights
set_alarm,set your alarm
turn_on_light,turn on the lights
set_alarm,set your alarm
turn_on_light,turn on the lights
set_alarm,set your alarm
turn_on_light,turn on the lights
set_alarm,set your alarm
turn_on_light,turn on the lights
set_alarm,set your alarm
turn_on_light,turn on the lights
set_alarm,set your alarm
turn_on_light,turn on the lights
set_alarm,set your alarm
turn_on_light,turn on the lights
set_alarm,set your alarm
turn_on_light,turn on the lights
set_alarm,set your alarm
turn_on_light,turn on the lights
set_alarm,set your alarm
turn_on_light,turn on the lights
set_alarm,set your alarm
turn_on_light,turn on the lights
set_alarm,set your alarm
turn_on_light,turn on the lights
set_alarm,set your alarm
turn_on_light,turn on the lights
set_alarm,set your alarm
turn_on_light,turn on the lights
set_alarm,set your alarm
turn_on_light,turn on the lights
set_alarm,set your alarm
turn_on_light,turn on the lights
set_alarm,set your alarm
turn_on_light,turn on the lights
set_alarm,set your alarm
turn_on_light,turn on the lights
set_alarm,set your alarm
turn_on_light,turn on the lights
set_alarm,set your alarm
turn_on_light,turn on the lights
set_alarm,set your alarm
turn_on_light,turn on the lights
set_alarm,set your alarm
turn_on_light,turn on the lights
set_alarm,set your alarm
turn_on_light,turn on the lights
set_alarm,set your alarm